"IGHV1-18","",""
"IGHV1-2","",""
"IGHV1-24","",""
"IGHV1-3","",""
"IGHV1-45","",""
"IGHV1-46","",""
"IGHV1-58","",""
"IGHV1-69","",""
"IGHV1-8","",""
"IGHV1-C","",""
"IGHV1-F","",""
"IGHV2-26","31,32","54"
"IGHV2-5","31,32","54"
"IGHV2-70","31,32","54"
"IGHV3-11","",""
"IGHV3-13","","54"
"IGHV3-15","54,55",""
"IGHV3-16","",""
"IGHV3-20","",""
"IGHV3-21","",""
"IGHV3-23","",""
"IGHV3-30","",""
"IGHV3-30-3","",""
"IGHV3-33","",""
"IGHV3-35","",""
"IGHV3-38","","53,54"
"IGHV3-43","",""
"IGHV3-48","",""
"IGHV3-49","54,55",""
"IGHV3-53","","54"
"IGHV3-64","",""
"IGHV3-66","","54"
"IGHV3-7","",""
"IGHV3-72","59,60,61","54"
"IGHV3-73","59,60,61","54"
"IGHV3-74","",""
"IGHV3-9","",""
"IGHV3-D","","53,54"
"IGHV3-NL1","",""
"IGHV4-28","31","54"
"IGHV4-30-2","31,32","54"
"IGHV4-30-4","31,32","54"
"IGHV4-31","31,32","54"
"IGHV4-34","","54"
"IGHV4-39","31,32","54"
"IGHV4-4","31","54"
"IGHV4-59","","54"
"IGHV4-61","31,32","54"
"IGHV4-B","31","54"
"IGHV5-51","",""
"IGHV5-A","",""
"IGHV6-1","31,32,61,62","54"
"IGHV7-4-1","",""
"IGHV7-81","",""
"IGKV1-12","",""
"IGKV1-16","",""
"IGKV1-17","",""
"IGKV1-27","",""
"IGKV1-33","",""
"IGKV1-37","",""
"IGKV1-39","",""
"IGKV1-5","",""
"IGKV1-6","",""
"IGKV1-8","",""
"IGKV1-9","",""
"IGKV2-24","30,31,32,33,34",""
"IGKV2-28","30,31,32,33,34",""
"IGKV2-30","30,31,32,33,34",""
"IGKV2-40","30,31,32,33,34,35",""
"IGKV3-11","",""
"IGKV3-15","",""
"IGKV3-20","30",""
"IGKV3-7","30",""
"IGKV4-1","30,31,32,33,34,35",""
"IGKV5-2","",""
"IGKV6-21","",""
"IGKV6-41","",""
"IGLV1-36","",""
"IGLV1-40","33",""
"IGLV1-41","",""
"IGLV1-44","",""
"IGLV1-47","",""
"IGLV1-50","33",""
"IGLV1-51","",""
"IGLV10-54","",""
"IGLV11-55","33,56,57,58,59,73,74",""
"IGLV2-11","33",""
"IGLV2-14","33",""
"IGLV2-18","33",""
"IGLV2-23","33",""
"IGLV2-33","33",""
"IGLV2-8","33",""
"IGLV3-1","","27,28"
"IGLV3-10","","27,28"
"IGLV3-12","","27,28"
"IGLV3-16","","27,28"
"IGLV3-19","","27,28"
"IGLV3-21","","27,28"
"IGLV3-22","","27,28"
"IGLV3-25","","27,28"
"IGLV3-27","","27,28"
"IGLV3-32","","27,28"
"IGLV3-9","","27,28"
"IGLV4-3","31,54,55,56,57","31,32"
"IGLV4-60","31,54,55,56,57","31,32"
"IGLV4-69","31,54,55,56,57","31,32"
"IGLV5-37","33,56,57,58,59,73,74",""
"IGLV5-39","33,56,57,58,59,73,74",""
"IGLV5-45","33,56,57,58,59,73,74",""
"IGLV5-48","33,56,57,58,59,73,74",""
"IGLV5-52","33,56,57,58,59,73,74",""
"IGLV6-57","68,69",""
"IGLV7-43","33",""
"IGLV7-46","33",""
"IGLV8-61","33",""
"IGLV9-49","31","31,32"